,wifi_mac,wifi_name,poi_id,poi_name,poi_category,wifi_latitude,wifi_longitude,poi_latitude,poi_longitude
0,M0000009820,uniqlo-freewifi,POI0000000000,UNIQLO,C00004,41.298590,20.618918,41.298330,20.618981
1,M0000010391,haidilaohuoguo,POI0000000004,Haidilao hot pot,C00011,41.298812,20.619237,41.298422,20.619210
2,M0000006067,uniqlo-freewifi,POI0000000000,UNIQLO,C00004,41.298667,20.618767,41.298330,20.618981
3,M0000009012,gutiandaoxiang,POI0000000005,Rice field fragrance,C00011,41.298690,20.619783,41.298316,20.619835
4,M0000003282,uniqlo-freewifi,POI0000000000,UNIQLO,C00004,41.298685,20.618869,41.298330,20.618981
5,M0000009054,haidilaohuoguo,POI0000000004,Haidilao hot pot,C00011,41.298776,20.619270,41.298422,20.619210
6,M0000002587,haidilaohuoguo,POI0000000004,Haidilao hot pot,C00011,41.298617,20.619816,41.298422,20.619210
7,M0000001297,uniqlo-freewifi,POI0000000000,UNIQLO,C00004,41.298724,20.618892,41.298330,20.618981
8,M0000010445,haidilaohuoguo,POI0000000004,Haidilao hot pot,C00011,41.298553,20.619819,41.298422,20.619210
9,M0000000361,FamilyFish,POI0000000003,There is a family named Boiled Fish with Pickled Cabbage and Chili.,C00011,41.298522,20.619903,41.298304,20.619829
10,M0000000628,haidilaohuoguo,POI0000000004,Haidilao hot pot,C00011,41.298559,20.619396,41.298422,20.619210
11,M0000007579,haidilaohuoguo,POI0000000004,Haidilao hot pot,C00011,41.298568,20.619734,41.298422,20.619210
12,M0000005704,haidilaohuoguo,POI0000000004,Haidilao hot pot,C00011,41.298572,20.619625,41.298422,20.619210
13,M0000001801,haidilaohuoguo,POI0000000004,Haidilao hot pot,C00011,41.298511,20.619482,41.298422,20.619210
14,M0000006343,haidilaohuoguo,POI0000000004,Haidilao hot pot,C00011,41.298877,20.619206,41.298422,20.619210
15,M0000008037,uniqlo-freewifi,POI0000000000,UNIQLO,C00004,41.298553,20.619356,41.298330,20.618981
16,M0000001672,haidilaohuoguo,POI0000000004,Haidilao hot pot,C00011,41.298644,20.618565,41.298422,20.619210
17,M0000000687,chinanet-ar63,POI0000000008,GolsilveAra,C00004,41.298079,20.620508,41.298589,20.620396
18,M0000002217,haidilaohuoguo,POI0000000004,Haidilao hot pot,C00011,41.298492,20.618786,41.298422,20.619210
19,M0000007714,NeoBarbecue,POI0000000007,Neolithic barbecue,C00011,41.298651,20.619743,41.298233,20.619550
20,M0000005235,redGO,POI0000000001,Red won't let go.,C00011,41.298582,20.619527,41.298372,20.619200
21,M0000010050,haidilaohuoguo,POI0000000004,Haidilao hot pot,C00011,41.298836,20.619585,41.298422,20.619210
22,M0000005765,haidilaohuoguo,POI0000000004,Haidilao hot pot,C00011,41.298481,20.619359,41.298422,20.619210
23,M0000008944,gxg-5g,POI0000000002,GXG,C00004,41.298765,20.619819,41.298477,20.619389
24,M0000007204,haidilaohuoguo,POI0000000004,Haidilao hot pot,C00011,41.298527,20.619158,41.298422,20.619210
25,M0000005283,haidilaohuoguo,POI0000000004,Haidilao hot pot,C00011,41.298652,20.618640,41.298422,20.619210
26,M0000005812,haidilaohuoguo,POI0000000004,Haidilao hot pot,C00011,41.298640,20.618779,41.298422,20.619210
27,M0000006755,chinanet-ejea,POI0000000009,gxg Jeans,C00004,41.298550,20.619863,41.298549,20.619840
28,M0000010673,haidilaohuoguo,POI0000000004,Haidilao hot pot,C00011,41.298596,20.619771,41.298422,20.619210
29,M0000005063,FamilyFish,POI0000000003,There is a family named Boiled Fish with Pickled Cabbage and Chili.,C00011,41.298550,20.619892,41.298304,20.619829
30,M0000004127,uniqlo-freewifi,POI0000000000,UNIQLO,C00004,41.298683,20.618970,41.298330,20.618981
31,M0000007250,haidilaohuoguo,POI0000000004,Haidilao hot pot,C00011,41.299020,20.618848,41.298422,20.619210
32,M0000009324,NeoBarbecue,POI0000000007,Neolithic barbecue,C00011,41.298619,20.619740,41.298233,20.619550
33,M0000007915,haidilaohuoguo,POI0000000004,Haidilao hot pot,C00011,41.298639,20.619716,41.298422,20.619210
34,M0000003978,haidilaohuoguo,POI0000000004,Haidilao hot pot,C00011,41.298755,20.619458,41.298422,20.619210
35,M0000005858,haidilaohuoguo,POI0000000004,Haidilao hot pot,C00011,41.298539,20.619393,41.298422,20.619210
36,M0000000260,uniqlo-freewifi,POI0000000000,UNIQLO,C00004,41.298701,20.619084,41.298330,20.618981
37,M0000010310,haohaizi,POI0000000006,Good boy,C00004,41.298751,20.619442,41.298473,20.619389
38,M0000001121,uniqlo-freewifi,POI0000000000,UNIQLO,C00004,41.298658,20.618783,41.298330,20.618981
39,M0000005170,haidilaohuoguo,POI0000000004,Haidilao hot pot,C00011,41.298502,20.617640,41.298422,20.619210
40,M0000013480,uniqlo-freewifi,POI0000000000,UNIQLO,C00004,41.298616,20.618537,41.298330,20.618981
41,M0000002642,NeoBarbecue,POI0000000007,Neolithic barbecue,C00011,41.298644,20.619714,41.298233,20.619550
42,M0000008435,haidilaohuoguo,POI0000000004,Haidilao hot pot,C00011,41.298493,20.618882,41.298422,20.619210
43,M0000013418,haidilaohuoguo,POI0000000004,Haidilao hot pot,C00011,41.298745,20.619220,41.298422,20.619210
44,M0000012270,haidilaohuoguo,POI0000000004,Haidilao hot pot,C00011,41.298752,20.619273,41.298422,20.619210
45,M0000009264,NeoBarbecue,POI0000000007,Neolithic barbecue,C00011,41.298621,20.619774,41.298233,20.619550
46,M0000007040,haidilaohuoguo,POI0000000004,Haidilao hot pot,C00011,41.298943,20.618878,41.298422,20.619210
47,M0000013032,haidilaohuoguo,POI0000000004,Haidilao hot pot,C00011,41.298100,20.619028,41.298422,20.619210
48,M0000004098,uniqlo-freewifi,POI0000000000,UNIQLO,C00004,41.298700,20.619315,41.298330,20.618981
49,M0000007113,haidilaohuoguo,POI0000000004,Haidilao hot pot,C00011,41.298636,20.618796,41.298422,20.619210
50,M0000004612,haidilaohuoguo,POI0000000004,Haidilao hot pot,C00011,41.298693,20.618868,41.298422,20.619210
51,M0000005847,haidilaohuoguo,POI0000000004,Haidilao hot pot,C00011,41.298784,20.619421,41.298422,20.619210
52,M0000006101,gxg,POI0000000002,GXG,C00004,41.298688,20.619789,41.298477,20.619389
53,M0000011343,haidilaohuoguo,POI0000000004,Haidilao hot pot,C00011,41.298553,20.619819,41.298422,20.619210
54,M0000013649,uniqlo-freewifi,POI0000000000,UNIQLO,C00004,41.298277,20.618811,41.298330,20.618981
55,M0000006503,NeoBarbecue,POI0000000007,Neolithic barbecue,C00011,41.298653,20.619768,41.298233,20.619550
56,M0000004100,haidilaohuoguo,POI0000000004,Haidilao hot pot,C00011,41.298782,20.619393,41.298422,20.619210
57,M0000010869,ls962,POI0000000008,GolsilveAra,C00004,41.297990,20.620511,41.298589,20.620396
58,M0000001443,NeoBarbecue,POI0000000007,Neolithic barbecue,C00011,41.298642,20.619745,41.298233,20.619550
